"","sex","age","length"
"1","female",10.3141137259081,109.424419232904
"2","female",6.70555492280982,97.6544703631011
"3","female",12.247172081843,117.498756890568
"4","female",0.592487967805937,32.3530750115785
"5","female",11.0854752827436,115.610630442024
"6","female",5.23079240578227,82.4122666324789
"7","female",12.4387623521034,102.165153004722
"8","female",8.03312087547965,102.579126638617
"9","female",4.11818045424297,85.1130866637029
"10","female",12.0142231788486,97.1749334210801
"11","female",1.37467042193748,43.1988475586603
"12","female",12.4816166132223,131.751611563548
"13","female",4.15282608708367,80.2820903819042
"14","female",11.296651493758,101.329757037642
"15","female",14.462288551731,111.183037853771
"16","female",1.2219984002877,49.0228262252613
"17","female",12.8154711972456,124.203713045348
"18","female",12.0335732563399,136.495210709999
"19","female",5.77760406886227,95.9384474691101
"20","female",4.91396098514087,93.5695806929365
"21","female",3.07408054475673,64.5063821438954
"22","female",8.54073993978091,116.336032010204
"23","female",13.3208278566599,106.564272694949
"24","female",7.9457113717217,84.3876879905442
"25","female",8.80437985179015,109.144924721777
"26","female",9.98602713807486,147.105668455564
"27","female",7.94838687870651,117.55234422743
"28","female",7.64764349092729,122.783846966192
"29","female",0.242407213663682,21.2079884955578
"30","female",0.715649774065241,28.4021203480065
"31","female",13.9402602380142,112.031068160902
"32","female",11.5392830804922,108.315660119848
"33","female",3.01620924146846,64.7159402842673
"34","female",9.75392250576988,121.661101606698
"35","female",9.80650023557246,91.7148402473435
"36","female",5.92880642157979,107.974569053236
"37","female",12.1845724282321,129.335236979803
"38","female",8.2053512649145,87.9833380183077
"39","female",13.2769897731487,126.381804980587
"40","female",8.29970981343649,151.627804211405
"41","female",13.5907216742635,105.983553748871
"42","female",8.81192050524987,121.48848677761
"43","female",6.35195476468652,86.560153093588
"44","female",14.2437798448373,136.544978763677
"45","female",10.635568551952,115.566070322988
"46","female",6.19958112132736,123.389896777643
"47","female",0.275461255805567,16.8235262695974
"48","female",8.50101124146022,105.358263774303
"49","female",7.35095179639757,94.2917354132734
"50","female",13.1801103183534,111.461878479424
"51","female",12.1927903185133,103.511546270441
"52","female",12.8114996629301,101.033955136441
"53","female",5.51843921653926,100.638007658844
"54","female",13.1092486926354,97.5410024397171
"55","female",2.27007257170044,73.992027144785
"56","female",4.22717504552566,68.9299910100804
"57","female",10.0005773676094,111.749279562676
"58","female",14.6607536519878,125.589679594739
"59","female",8.74109604978003,116.673308671531
"60","female",7.89885119302198,99.5527073791442
"61","female",0.911733373068273,35.7113093327447
"62","female",14.5355829549953,133.776340379443
"63","female",1.80355692864396,41.8087991739841
"64","female",1.3254495151341,38.6973311825886
"65","female",13.2114617235493,120.441621050524
"66","female",7.62555944616906,96.4892459034854
"67","female",5.06242495961487,109.34150671553
"68","female",13.4150193817914,127.161984034753
"69","female",0.479574421187863,26.0560681701004
"70","female",3.55844546109438,60.4121843613958
"71","female",10.2973552665208,111.123443574824
"72","female",3.38727634982206,70.3666108482186
"73","female",4.77741882205009,85.6329620618792
"74","female",2.60975725133903,53.7694984881103
"75","female",12.0214437553659,122.249462666117
"76","female",2.19423086964525,49.8122528878563
"77","female",12.3407608747948,110.105190616822
"78","female",4.96496742940508,93.5789762379577
"79","female",5.61254081781954,82.6774152849106
"80","female",9.44618135690689,118.684251452564
"81","female",1.44950614543632,37.6170953508804
"82","female",0.329905729740858,14.6224751671386
"83","female",14.8956717050169,124.485728179696
"84","female",8.75908268499188,121.235027593411
"85","female",11.7273459769785,108.369803786473
"86","female",13.3784418390132,123.957797457461
"87","female",11.322981803678,94.6797115480257
"88","female",14.6880559518468,113.830091976275
"89","female",0.66220601904206,22.399128069594
"90","female",13.5510132706258,137.31680602287
"91","female",12.9825122107286,151.234270038341
"92","female",11.631113870535,132.580758856637
"93","female",5.65224625286646,92.8025489888126
"94","female",0.631620730273426,29.0968867432551
"95","female",5.46616622479632,73.353848256445
"96","female",4.10626904689707,91.3101519120966
"97","female",12.7570122107863,110.818446130121
"98","female",5.43602568679489,83.2026088097513
"99","female",4.56716685905121,69.0495441788606
"100","female",11.3870300911367,107.671052030475
"101","female",12.6725193648599,100.672278270678
"102","female",6.86882341629826,94.123919542174
"103","female",10.9444749669638,93.3014206040658
"104","female",1.56117954058573,61.4653734301065
"105","female",3.29974766587839,72.6004889314315
"106","female",14.3092687160242,135.875155523508
"107","female",11.2805631186347,76.2678944872755
"108","female",12.2843307489529,106.376158984514
"109","female",6.26665652613156,87.5320973055691
"110","female",8.9075773966033,89.4713206365091
"111","female",11.9823533669114,142.869827280785
"112","female",13.3261297561694,93.0565114383889
"113","female",5.77787389978766,98.540629570392
"114","female",1.35483126388863,49.9596214350655
"115","female",9.38615455641411,111.576545799605
"116","female",11.1845432594419,98.5367765827875
"117","female",1.28067685989663,49.0634834656515
"118","female",4.50776416808367,86.9220072763769
"119","female",9.21843235963024,92.345297758637
"120","female",11.2939808692317,91.420873728551
"121","female",13.7558569957037,157.417149375084
"122","female",7.13625758537091,91.3529666134378
"123","female",8.50679199211299,80.5114712282705
"124","female",11.0493051912636,121.337140881296
"125","female",12.8617113665678,119.890399915938
"126","female",13.63719756715,94.1422088113219
"127","female",0.84573338041082,25.3729198998512
"128","female",7.54362456151284,101.018214703555
"129","female",5.25817159563303,107.316404063298
"130","female",12.6833418442402,125.651773171695
"131","female",12.0965274574701,105.530549577762
"132","female",1.75996840931475,45.2299504838201
"133","female",10.6902983249165,116.036604661957
"134","female",3.52903287042864,77.120035501353
"135","female",1.12435126793571,43.5073646920079
"136","female",14.0346922085155,108.913334678988
"137","female",2.35751737724058,69.2804917252417
"138","female",9.70586025039665,96.6660872866686
"139","female",2.60276619228534,60.9564932050566
"140","female",0.301110137952492,24.0552153400089
"141","female",7.81970769516192,120.370543540977
"142","female",1.29416839918122,32.122343040044
"143","female",4.24503519083373,83.7630399997814
"144","female",6.30652351537719,106.251727724871
"145","female",8.80917186266743,86.2542838978582
"146","female",12.1004164440092,122.029997783626
"147","female",3.02992813289165,61.4862598357513
"148","female",6.89137007575482,116.405658400111
"149","female",6.72214670805261,107.458111022308
"150","female",11.0062163730618,125.600469362775
"151","female",10.7213221583515,113.520146174603
"152","female",12.468329683179,129.71336168266
"153","female",13.2984918134753,141.177783888246
"154","female",14.2896686098538,155.176734320823
"155","female",8.25925082783215,104.943011657264
"156","female",7.83503649174236,74.2893433706628
"157","female",2.56047382950783,63.7557417365872
"158","female",7.18907339964062,104.468267246636
"159","female",3.80731194745749,76.4514802098478
"160","female",0.596709555247799,30.975531339249
"161","female",9.52200764673762,126.718192941618
"162","female",8.09341371059418,97.0316805628127
"163","female",2.10155324894004,54.3085105475311
"164","female",4.25567665253766,87.5766659720419
"165","female",8.74545892816968,98.4847597827993
"166","female",2.47538838302717,63.1230677157588
"167","female",1.44451666041277,34.0976180054498
"168","female",6.42919637029991,82.6541527906482
"169","female",5.33642348600551,74.7213678963819
"170","female",12.6740030979272,100.60522501367
"171","female",3.90198710490949,71.4090432311566
"172","female",0.34716738271527,23.9798653851805
"173","female",12.9359930951614,132.618388080346
"174","female",5.01881941803731,79.6766852016867
"175","female",9.47683307575062,93.8315849611795
"176","female",8.19639388122596,90.0414133906349
"177","female",5.64666739781387,87.5603950015299
"178","female",2.78809522627853,64.1812928339706
"179","female",6.43410886754282,105.016727014456
"180","female",9.46160397841595,103.743570905059
"181","female",7.8126352687832,76.1428319884629
"182","female",9.89432005793788,108.357611295837
"183","female",10.9404139698017,133.551482649181
"184","female",7.30234310030937,121.600338853816
"185","female",5.76684923493303,83.4763407379387
"186","female",0.102502632653341,13.1729428033358
"187","female",0.0552634138148278,22.1938285896249
"188","female",14.9240466021001,113.38163599453
"189","female",1.61830320255831,48.0874567396376
"190","female",6.28003737539984,103.157213086807
"191","female",10.7682681991719,87.7036520720375
"192","female",11.1380869837012,100.654850860049
"193","female",13.0799823557027,91.146502259197
"194","female",9.11801941576414,97.3515258549165
"195","female",11.3430502696428,114.540292069145
"196","female",12.7086194709409,93.2514441609022
"197","female",9.19169473461807,118.099863683109
"198","female",11.8983625166584,118.322277050871
"199","female",0.342820251826197,19.7013797397979
"200","female",6.25371824484318,100.062303329911
"201","female",13.1232358119451,128.279578192335
"202","female",9.71020523342304,128.196382406266
"203","female",13.8671848014928,111.796610589284
"204","female",2.58337644045241,62.8873299868648
"205","female",4.73719183704816,85.516366691956
"206","female",12.063844188815,140.777424216456
"207","female",14.8344511678442,137.320914512163
"208","female",4.83578327810392,98.9952932522057
"209","female",0.0178744259756058,13.8066729739244
"210","female",14.8825592896901,122.785273450709
"211","female",2.22528587677516,62.2656171926857
"212","female",0.740464457776397,27.0888232862605
"213","female",8.96030223928392,83.0887513641883
"214","female",4.81992665212601,96.0554359926311
"215","female",7.91893500485457,82.9530548111306
"216","female",11.9313303055242,113.396453122836
"217","female",1.03398895240389,39.2379327153389
"218","female",10.4253104596864,120.677988437058
"219","female",14.2294726101682,119.001624139725
"220","female",4.16653976077214,73.2541961110428
"221","female",3.74109877855517,89.8641894854542
"222","female",2.39153220201842,79.1577015750779
"223","female",1.07445084024221,44.0383857333126
"224","female",8.36156374658458,79.1151035271185
"225","female",7.34755577403121,125.665542894245
"226","female",7.41438542841934,101.412810083881
"227","female",13.3255737775471,124.289618490725
"228","female",0.550565397134051,30.076341846316
"229","female",3.05615720339119,68.8912627183447
"230","female",7.70671708742157,102.266136214749
"231","female",3.54509833501652,87.9016665720336
"232","female",8.63153504789807,118.503182364014
"233","female",7.23386867204681,117.664884996753
"234","female",8.54029033100232,151.65699134748
"235","female",2.16228472650982,63.6863157107043
"236","female",2.18563143862411,59.8553676577911
"237","female",6.18424669490196,69.2900342348688
"238","female",10.245154236909,165.225982085321
"239","female",9.80141730629839,102.021827958287
"240","female",13.7397949956357,164.308289446407
"241","female",12.1966969873756,120.243881872416
"242","female",10.1383500185329,138.837259599016
"243","female",12.1124866395257,111.758857918495
"244","female",1.92096629412845,58.1560076303899
"245","female",3.76167800975963,80.3022594020299
"246","female",4.97320487396792,86.0433319426078
"247","female",6.10903934924863,94.2253402583366
"248","female",9.53051365446299,126.782894881934
"249","female",12.1291806735098,110.26026777338
"250","female",3.88201802037656,58.2876413779524
"251","female",12.2920070984401,110.547475806281
"252","female",0.232165034394711,21.5142679282294
"253","female",9.81601149891503,120.234073853807
"254","female",12.1757937641814,124.63385013131
"255","female",6.92053390201181,77.7770922073203
"256","female",3.05125652463175,73.7808789531557
"257","female",0.281523257726803,24.3329991572374
"258","female",4.24699045834132,99.7473095113234
"259","female",13.7290893844329,111.483743668865
"260","female",14.0054478077218,110.098732017833
"261","female",8.13797420589253,131.065960665085
"262","female",3.29133818973787,56.6692463748462
"263","female",7.34141706023365,95.530217451611
"264","female",12.017231042264,121.494685878822
"265","female",6.11445986665785,75.388244244991
"266","female",1.55567350331694,49.7200389268681
"267","female",4.20847762143239,108.643577584379
"268","female",5.42199330870062,91.6160088973684
"269","female",3.88867261586711,75.8412622286324
"270","female",7.06022750353441,108.141087883743
"271","female",5.48768209875561,88.3555981995949
"272","female",1.81908081402071,58.9480418897871
"273","female",0.704905207967386,35.323520819663
"274","female",3.94194456283003,79.6137889675664
"275","female",14.5296175195836,97.2439219008671
"276","female",7.32743223547004,83.713026602319
"277","female",7.16733044595458,92.6501855192766
"278","female",11.2318932171911,126.545348093114
"279","female",10.0146034697536,82.2164240614594
"280","female",0.741233951412141,23.8946950540896
"281","female",10.4265786660835,100.636579387132
"282","female",5.44892350095324,97.4185435904507
"283","female",13.2620041107293,100.235224977045
"284","female",11.6294584446587,128.925875314116
"285","female",2.08805461996235,59.4170755282538
"286","female",4.42513906862587,81.9179693529623
"287","female",1.89124178141356,60.3383515221615
"288","female",8.84852435672656,113.602185892608
"289","female",8.42513413284905,99.111139150088
"290","female",10.3308168018702,114.643054341006
"291","female",4.66906213550828,94.8081749249869
"292","female",9.08380262204446,113.750458143431
"293","female",14.8655147838872,105.268659828026
"294","female",11.1480737279635,127.489537176443
"295","female",1.13785695517436,47.3555522491981
"296","female",6.7675335961394,103.565646362888
"297","female",0.803054018178955,33.7106728918801
"298","female",5.0933327106759,88.3569262969095
"299","female",11.0092822322622,154.600682998606
"300","female",0.0616041070315987,16.1990347222782
"301","female",11.5786422346719,110.24494450699
"302","female",6.94462816813029,68.9421412798231
"303","female",10.812605250394,88.4057641183851
"304","female",9.9975857581012,108.802631626323
"305","female",8.58110580942594,109.740986003972
"306","female",10.5571942508686,115.88204855697
"307","female",9.8583159071859,124.07550227507
"308","female",4.34028217568994,80.9095981920103
"309","female",1.45859183510765,55.0707976960884
"310","female",14.4363198161591,100.959753830875
"311","female",11.0450104367919,93.569658191073
"312","female",9.19085202855058,90.0334322272321
"313","female",1.79893321241252,57.951239438831
"314","female",8.25388569734059,104.075332096303
"315","female",3.94134416710585,89.5257545555652
"316","female",13.4754124679603,110.562272780821
"317","female",0.137699187034741,16.0104152392772
"318","female",3.54352403897792,71.4518566269283
"319","female",1.95066893007606,41.2372820075061
"320","female",4.89349720068276,73.7920244284171
"321","female",10.8959833241533,90.1627988223095
"322","female",14.8761785309762,135.910500158585
"323","female",10.7270029163919,101.998983938574
"324","female",7.56659716484137,115.734045738372
"325","female",6.54071507742628,123.200940581842
"326","female",14.2323787591886,112.425806698603
"327","female",1.80272231460549,54.1869308031536
"328","female",1.12717764917761,30.5451850851472
"329","female",13.3353223919403,101.725314466952
"330","female",6.36678142589517,98.1715818446932
"331","female",0.635410181712359,30.6645854696927
"332","female",9.71163215464912,97.7132377403688
"333","female",7.0292874367442,150.160374774135
"334","female",9.26889184978791,101.19065848597
"335","female",4.06223148806021,81.5172983527581
"336","female",2.35942929983139,66.779434758584
"337","female",1.71381405321881,50.2450275340232
"338","female",7.61524294735864,93.6336251050577
"339","female",8.22048431262374,123.020278936732
"340","female",2.10969284176826,72.3670603527114
"341","female",2.5465357513167,62.9842929189288
"342","female",11.4297798473854,122.515834342321
"343","female",7.91092410916463,102.676945288963
"344","female",12.9148403636646,133.274035872626
"345","female",10.103324818192,92.8232482171102
"346","female",0.195615445263684,26.7789454486438
"347","female",10.3979835205246,101.343060708335
"348","female",13.3757059823256,92.4908024751333
"349","female",9.47775262990035,103.324232460504
"350","female",1.60941982408985,49.712301429614
"351","female",13.8159780576825,146.973998315961
"352","female",10.1304357172921,126.417915360542
"353","female",2.22890568897128,59.9450270881178
"354","female",11.180127634434,91.255331261934
"355","female",14.1389829281252,101.606409711557
"356","female",6.31175063434057,94.7210594838997
"357","female",4.46584617253393,123.490383748996
"358","female",3.89140005223453,59.9215712358032
"359","female",3.34321975358762,86.735929589796
"360","female",8.48481515189633,98.0909277410291
"361","female",11.349751992384,144.286305498794
"362","female",10.044053188758,92.952953606846
"363","female",8.19784191437066,107.460663918137
"364","female",12.1719548664987,96.4814604440216
"365","female",11.3875020307023,128.840588731237
"366","female",0.30102699296549,26.8719629965589
"367","female",5.71355550200678,125.171853883295
"368","female",0.763201704248786,36.1959981699858
"369","female",11.9685440592002,149.310122975849
"370","female",13.855488197878,138.972021619564
"371","female",8.13897555693984,102.93798032514
"372","female",12.7854690025561,122.824077566265
"373","female",8.75344294938259,92.4998684457736
"374","female",10.0248546525836,107.128239197967
"375","female",7.66971894772723,123.910651774215
"376","female",11.4412588393316,122.151640708878
"377","female",13.5504343186039,123.262486787893
"378","female",12.3071176826488,97.5116113838611
"379","female",1.07147774426267,35.230196575106
"380","female",0.0584451458416879,13.7966532771282
"381","female",0.78297923784703,34.5404918244523
"382","female",12.9984026961029,98.8678968506926
"383","female",8.64367753383704,115.92861280788
"384","female",4.7076385805849,73.1391750989182
"385","female",14.3919867568184,152.119071029773
"386","female",8.86790635529906,114.892077633464
"387","female",7.97114003682509,94.0313688857228
"388","female",5.75905007310212,97.2894942889443
"389","female",4.79329844238237,82.6163162707605
"390","female",12.1257938293274,120.08737288246
"391","female",0.628792477073148,30.2581123935668
"392","female",5.45614042086527,78.9994256724809
"393","female",12.8489545045886,101.712207502965
"394","female",10.469198677456,116.101517118774
"395","female",10.2672970946878,141.273238214183
"396","female",5.2202257909812,106.127865204399
"397","female",8.32022744114511,96.1965668721349
"398","female",2.05865426338278,63.4284587361257
"399","female",11.7739733448252,112.338327817443
"400","female",13.3029385737609,120.190252924708
"401","female",3.0614382494241,72.7267509866032
"402","female",11.5593444218393,165.709969427841
"403","female",8.94544441136532,90.0642318322327
"404","female",14.3650461360812,117.5418946046
"405","female",2.38032596418634,46.7088815306514
"406","female",7.88961411220953,113.676716215306
"407","female",13.0972705129534,135.094849488269
"408","female",13.0455910542514,142.251245827876
"409","female",0.355329648591578,17.1436020581912
"410","female",14.6383454021998,123.341567206305
"411","female",7.35336297308095,129.381935959257
"412","female",5.83755484549329,88.6861786002497
"413","female",6.26332439831458,93.7780547700237
"414","female",1.39388730749488,44.5156491174325
"415","female",2.42713815299794,65.0312331179125
"416","female",6.08124742750078,105.764330896205
"417","female",5.12721666251309,109.071443572744
"418","female",6.22886179829948,95.2376403329222
"419","female",4.56078703631647,87.7158695963709
"420","female",8.40420806198381,153.431579669684
"421","female",2.33811225858517,64.3052704215485
"422","female",14.3486964621115,119.079873035348
"423","female",0.659499380271882,24.4444731703714
"424","female",5.58236614102498,92.7721698026255
"425","female",14.4392301212065,112.076823044452
"426","female",9.68141273595393,109.183022869436
"427","female",0.918939214898273,32.5253238528203
"428","female",6.14918892737478,86.7961778527726
"429","female",6.38857701094821,87.5321020737016
"430","female",7.62237127055414,99.8491799165223
"431","female",6.74399866140448,121.744950721866
"432","female",9.34892075252719,126.945300772281
"433","female",2.09966896567494,53.7497778390351
"434","female",13.6191960121505,89.5803002531543
"435","female",8.54164912132546,93.7118735552721
"436","female",8.22420860873535,98.3232827506648
"437","female",1.75241433782503,51.8917302085243
"438","female",11.4304249850102,102.057744521746
"439","female",7.17554170056246,136.587995857622
"440","female",11.729533720063,108.592445206221
"441","female",0.690398229053244,25.4869868692675
"442","female",12.2976700169966,111.458675700583
"443","female",4.04112671152689,69.3228981998898
"444","female",4.24275621771812,84.3559441023135
"445","female",9.64832339202985,113.161521800407
"446","female",14.2217825667467,121.981959088936
"447","female",0.104976816801354,13.0777334065435
"448","female",5.27426508022472,93.6899837516316
"449","female",6.28568587359041,101.508713618828
"450","female",6.86815195600502,80.7875279278233
"451","female",10.6753886898514,128.475425030392
"452","female",13.7977208651137,129.658827556088
"453","female",9.4066605088301,153.182243806709
"454","female",13.5327266750392,117.840524833408
"455","female",11.3599373877514,113.340823259367
"456","female",2.06787548493594,57.0362563187993
"457","female",2.29882317013107,60.348851130238
"458","female",2.86968280328438,51.282374414198
"459","female",6.49777710903436,76.4079445765384
"460","female",1.30828952766024,42.6638519489948
"461","female",3.35670001571998,67.3268932997639
"462","female",8.58223019284196,107.291346793024
"463","female",6.00253767566755,69.5683723555822
"464","female",8.48198071005754,84.8513786849445
"465","female",12.4443581805099,96.7326506383871
"466","female",9.63170729228295,126.557285001328
"467","female",5.87248127558269,80.2577848599623
"468","female",10.6436978210695,98.8348299272093
"469","female",1.63236109656282,49.6244882074513
"470","female",4.10434101358987,77.3234475415354
"471","female",8.90800399007276,109.748276165298
"472","female",2.40277220145799,86.3645203768208
"473","female",12.8014535817783,96.736565067206
"474","female",12.7160873659886,109.221046986495
"475","female",7.16830218792893,93.7137546398058
"476","female",11.6053818364162,141.493990333384
"477","female",4.43100120755844,74.9629768467038
"478","female",0.984421677421778,36.3440950922703
"479","female",6.60799687262625,110.883530771892
"480","female",6.93148286780342,85.5287227177183
"481","female",5.11401555268094,114.577593724428
"482","female",2.7771047805436,73.4061557527209
"483","female",7.60496590286493,87.7738049007442
"484","female",0.287865459686145,22.7049882733283
"485","female",11.6052905924153,109.381227158967
"486","female",8.3949761884287,110.893760458654
"487","female",9.62193958810531,107.767494206799
"488","male",0.546677992679179,31.2644477642409
"489","male",6.33726585656404,70.4477525662762
"490","male",10.7090285327286,88.3081586191366
"491","male",6.61722017358989,84.0200701872703
"492","male",5.47937682364136,71.0649212951906
"493","male",11.4820001441985,82.3569196991546
"494","male",5.44000987429172,82.0294640967555
"495","male",8.1308476254344,89.6833455727978
"496","male",6.87160082347691,60.2048772586253
"497","male",1.2350961919874,46.868850739026
"498","male",10.7978996448219,99.1846896186119
"499","male",2.95305281225592,91.4790510915076
"500","male",0.504714402370155,28.5044256611707
"501","male",3.93504863139242,68.0596635675239
"502","male",11.4540437897667,145.944671280183
"503","male",10.674471792765,145.603653050528
"504","male",8.31364087387919,76.5950408606197
"505","male",7.68608176521957,96.9612147090028
"506","male",11.9312373194844,93.525406668694
"507","male",7.86846958938986,93.431950884871
"508","male",8.50236561801285,95.4370955362707
"509","male",6.52879229653627,71.9795837065686
"510","male",7.12970424536616,92.735727689275
"511","male",3.46991684753448,89.3602751505763
"512","male",1.76536376774311,47.5935449523036
"513","male",11.5562907904387,93.9260740585627
"514","male",10.8275885414332,117.761616626654
"515","male",8.2884633410722,104.978277101775
"516","male",9.54560901224613,73.5369113238364
"517","male",0.295364214107394,21.7209333159363
"518","male",5.73355165310204,107.053463399174
"519","male",9.10151445027441,115.285500570579
"520","male",2.5968952300027,63.7067588409676
"521","male",3.81817209161818,79.9764723413147
"522","male",2.77950942423195,51.7957720682042
"523","male",1.71360026858747,50.1856879345821
"524","male",4.97455602977425,69.1719327404604
"525","male",4.96469191554934,74.4356192809446
"526","male",4.42614541109651,87.7654168416889
"527","male",1.82933697290719,41.9690984053524
"528","male",1.66567276138812,49.1705079918453
"529","male",2.79640919342637,66.2051886465553
"530","male",5.59154940303415,83.6720457506782
"531","male",3.19167168438435,86.9040150893318
"532","male",10.2939325841144,81.574714066657
"533","male",0.54997400008142,29.250199480605
"534","male",5.3064008904621,80.4941791657369
"535","male",9.5870981477201,90.5062333758926
"536","male",1.46279111970216,47.1650552233449
"537","male",6.73137580510229,75.2278028001988
"538","male",2.47837667539716,48.0296220391709
"539","male",1.53037980291992,41.9043523241874
"540","male",9.03969437163323,121.084653902558
"541","male",10.7405443098396,96.2977728963389
"542","male",4.49355331063271,80.676321665578
"543","male",7.98138233553618,88.5841572808738
"544","male",1.1380879310891,41.1865840282839
"545","male",4.60763565357774,67.2682751651348
"546","male",3.29260373488069,79.8639696346919
"547","male",9.77568046655506,102.960398206752
"548","male",5.38219609670341,72.6692473253319
"549","male",9.72077223658562,95.0559262418731
"550","male",9.74867411423475,104.960890625577
"551","male",9.53210785333067,102.173521308866
"552","male",5.27798025123775,101.563556148676
"553","male",9.05370190367103,85.1150335510446
"554","male",7.55065357871354,106.371585868667
"555","male",8.52218881621957,107.723796377269
"556","male",0.00749727990478277,13.6318937489679
"557","male",5.70379888918251,72.2017607481981
"558","male",2.64142662193626,51.3060290762035
"559","male",4.55779845267534,82.6631550030983
"560","male",7.35325203929096,88.5736779262742
"561","male",4.22157491091639,97.6710734663082
"562","male",1.33362509217113,45.3189095674173
"563","male",2.92343367263675,60.0566959028864
"564","male",8.01666704937816,78.2721737571757
"565","male",5.01176135614514,73.3140315132303
"566","male",9.45835000835359,98.8362176002849
"567","male",1.23437573108822,37.5079852426947
"568","male",5.21871289797127,87.5735225870936
"569","male",11.819483759813,91.7468402041896
"570","male",10.7166133727878,93.9840332101106
"571","male",10.6376287294552,85.5451770303048
"572","male",2.10063180327415,71.1745335813677
"573","male",1.56834829878062,48.0469067857889
"574","male",7.83722310047597,93.9630359206846
"575","male",4.12219766713679,57.6341592157648
"576","male",7.88109753560275,100.291868756829
"577","male",3.84447890985757,61.8319018451558
"578","male",2.25229343120009,48.6632725628684
"579","male",9.3875316157937,107.572139759599
"580","male",1.12313984055072,35.6338514171883
"581","male",5.60134849883616,63.9740762215273
"582","male",6.13806551881135,111.195726350353
"583","male",7.19986751116812,62.4815489056402
"584","male",3.99388248380274,79.7396607196204
"585","male",5.86335640400648,98.0373418378261
"586","male",11.4536859299988,87.51661170949
"587","male",5.7948287660256,89.6811469439133
"588","male",10.6842026654631,101.903321890165
"589","male",10.9732582429424,111.803883165317
"590","male",7.30481978785247,96.0742976786426
"591","male",4.92827731836587,76.6368539800493
"592","male",1.76513629127294,55.9097587090794
"593","male",11.2235976392403,108.130113697588
"594","male",3.61474679969251,60.9733720199089
"595","male",0.728646858595312,24.7392885700064
"596","male",11.3727232804522,98.4112370763398
"597","male",8.6471552811563,88.8291771421713
"598","male",1.70753154717386,41.3476728554758
"599","male",6.59141587279737,88.2085339444197
"600","male",11.4490948626772,78.9653727903076
"601","male",7.02580023743212,90.7061074344642
"602","male",4.85412338096648,72.0154872695397
"603","male",7.77472175192088,104.541440406911
"604","male",3.83784740511328,103.339432202036
"605","male",3.69264013040811,61.7407338318706
"606","male",2.63721157517284,70.6142411607176
"607","male",4.43386639002711,86.3902725498513
"608","male",11.8106304416433,95.4274922742394
"609","male",1.85042760986835,46.7618718559733
"610","male",1.09252799861133,47.5124145507783
"611","male",1.7028828933835,35.4595103674406
"612","male",8.28008521813899,83.3964515523949
"613","male",7.43107780069113,72.4234151678077
"614","male",10.6967294057831,117.541391326858
"615","male",8.07598911132663,88.7840316335937
"616","male",8.84493285510689,85.907310368984
"617","male",6.25362870935351,138.04866047253
"618","male",7.91806139610708,90.3031563438947
"619","male",9.86166552174836,88.4251232920173
"620","male",9.43537862040102,98.167903480499
"621","male",11.7578630084172,76.2847995911233
"622","male",5.27317843493074,87.5716484353866
"623","male",3.74042642489076,70.1664668914475
"624","male",4.91369943134487,85.1508266973864
"625","male",0.125605341978371,14.6161386548641
"626","male",2.20619428809732,47.2005363826579
"627","male",10.1127518266439,85.4816131603503
"628","male",2.77394138462842,55.1630887274135
"629","male",2.86919946782291,76.3519375698169
"630","male",0.920293984003365,43.4234886212822
"631","male",2.94868413638324,62.2755145009813
"632","male",8.78562246635556,87.9556072715155
"633","male",10.1694379812106,90.3221200494635
"634","male",5.97032720502466,85.5770981616473
"635","male",4.65490835811943,78.9626730054182
"636","male",2.95738792978227,66.6644106973594
"637","male",1.33315753564239,37.4246321715374
"638","male",4.67993322294205,68.731947875487
"639","male",6.86322376783937,105.244241527133
"640","male",2.60271315369755,55.1992171611442
"641","male",5.33721602428705,85.5077535628739
"642","male",2.61588802468032,59.5520864226196
"643","male",6.02759475912899,73.6306856813449
"644","male",4.24685486219823,82.0071443355045
"645","male",7.79982190579176,93.0662727472187
"646","male",4.49656747933477,94.6387563900698
"647","male",4.26534456945956,76.5476288766112
"648","male",6.40425534546375,82.2600957968719
"649","male",8.88401232473552,96.9112934041211
"650","male",2.65323525387794,50.6873843212488
"651","male",4.9529534233734,70.29623201801
"652","male",3.18824024219066,71.4217349273967
"653","male",7.55967664159834,85.7146017072649
"654","male",2.20594188943505,54.4400675622636
"655","male",10.3637293372303,93.4734867459367
"656","male",8.95881604962051,84.4924315721465
"657","male",8.01941579673439,67.499320940716
"658","male",7.41621447913349,94.4845769524945
"659","male",4.46685672271997,85.824049695206
"660","male",6.35802823025733,71.1715218844682
"661","male",10.4961881143972,118.81232604912
"662","male",6.98100119736046,93.6388772122938
"663","male",10.0772131774575,115.746186510189
"664","male",3.74937797896564,61.7738907996132
"665","male",8.49948386661708,94.5701145703209
"666","male",3.18021367304027,65.129386593965
"667","male",7.13211832847446,99.6705839166736
"668","male",5.77547760587186,76.9418894502837
"669","male",3.18039277754724,66.0105770465796
"670","male",6.77508521731943,67.2954776466563
"671","male",10.9582586763427,85.2319377725506
"672","male",10.8224926739931,97.3819031583257
"673","male",3.28999945800751,60.4535502118124
"674","male",3.85779307689518,71.6717022434174
"675","male",11.8276906125247,89.9423420961803
"676","male",7.4399197222665,98.2644496124098
"677","male",11.2477690698579,114.254625638416
"678","male",5.59839242789894,73.4362220030579
"679","male",4.881991119124,75.6704331910264
"680","male",7.91076389048249,112.75412986686
"681","male",1.82815940212458,35.8077722041113
"682","male",6.87440469861031,83.967009640045
"683","male",2.8647123221308,85.5235890571826
"684","male",11.5483072372153,133.480433299727
"685","male",7.2163887117058,91.2318394074325
"686","male",6.1803567269817,75.2225685479323
"687","male",4.83088010642678,80.8845062664731
"688","male",10.5629584947601,86.4709570474602
"689","male",4.36910237744451,94.3210188076356
"690","male",3.4588713683188,60.9465325076137
"691","male",2.04774282127619,55.8666800660271
"692","male",2.06606095656753,58.2397112252506
"693","male",5.78451126627624,74.9214322818584
"694","male",3.03557914216071,73.4111320511198
"695","male",2.5950574753806,53.5021581256157
"696","male",8.09251665696502,100.39099771692
"697","male",0.571963529102504,32.0295871351255
"698","male",8.41023704968393,79.4448921939085
"699","male",4.22266366146505,88.3762549509118
"700","male",4.90732797514647,73.776800299507
"701","male",9.85141588747501,98.7026933943152
"702","male",11.0262881778181,98.7063530423204
"703","male",3.39033996127546,63.9063631244484
"704","male",11.5332575244829,100.144255347285
"705","male",8.7407331392169,77.1647574547357
"706","male",8.23650098405778,89.8573435244617
"707","male",0.634127313271165,32.2595928187979
"708","male",4.74264161568135,56.668580996002
"709","male",5.73414455819875,67.0044176688838
"710","male",6.72303916420788,73.6324105793067
"711","male",8.37913913838565,72.5859917881588
"712","male",10.9882024610415,101.926896822052
"713","male",7.42021472845227,77.3556520797888
"714","male",5.14105810504407,58.4231989455667
"715","male",6.50496440660208,78.9267365608689
"716","male",0.701741863042116,28.2395377110711
"717","male",3.13028228469193,74.5585931144053
"718","male",4.76582343969494,66.5994342778052
"719","male",2.37293684016913,67.9283797983657
"720","male",9.98313075397164,100.428160347124
"721","male",1.83464667387307,52.5698700774545
"722","male",9.64102250430733,82.9282383748617
"723","male",6.56191387865692,116.443070133334
"724","male",7.94781170412898,88.846060113577
"725","male",2.06038192659616,40.3835063971443
"726","male",7.59666431788355,87.4777098858769
"727","male",3.74243696127087,53.3511509888704
"728","male",8.69465215690434,88.4321228617842
"729","male",4.78727789595723,73.8488274380177
"730","male",11.6322769336402,106.605948656169
"731","male",11.6087804473937,111.924590639718
"732","male",8.72043046820909,83.1597773175673
"733","male",3.08660095743835,73.5020349906541
"734","male",2.66145521588624,74.9297369840497
"735","male",7.1165478201583,79.0230259645703
"736","male",3.21025718562305,60.2448864331168
"737","male",6.37284478638321,95.1114832041907
"738","male",9.42350005544722,96.4537075030197
"739","male",2.01672972645611,56.8844565292915
"740","male",4.85279017221183,97.4686469661113
"741","male",5.6589153315872,88.2594273330767
"742","male",10.4172816826031,111.316792398858
"743","male",11.1084954701364,105.188124004122
"744","male",10.5837307116017,101.706929384631
"745","male",8.09024211019278,96.7951279350597
"746","male",11.4020037520677,116.527172226976
"747","male",6.19733873102814,73.7411162010731
"748","male",6.91822825558484,74.8047054453619
"749","male",4.03597447089851,80.3196243232786
"750","male",4.16789557691664,73.1971799416298
"751","male",0.240291606634855,19.9137528901495
"752","male",6.03375654760748,94.8994402193868
"753","male",10.4525209637359,106.514496974753
"754","male",0.0756094073876739,15.0814462338685
"755","male",0.864685487933457,31.7104522989697
"756","male",1.97053469996899,52.3362541118826
"757","male",9.24400889128447,109.65631360398
"758","male",8.82221166975796,98.9523931937883
"759","male",11.6625076280907,119.275177671392
"760","male",5.59766852203757,82.9241366093638
"761","male",0.892614159733057,39.9463175106063
"762","male",7.78581749182194,103.422647292766
"763","male",9.10311803407967,102.271483430981
"764","male",1.64527297206223,49.9292195425345
"765","male",4.75901513546705,75.2682999903348
"766","male",2.69982395041734,60.0414234160973
"767","male",0.695502726361156,30.8422474140477
"768","male",4.75071225967258,79.0003000883514
"769","male",0.779139599762857,36.27810575249
"770","male",2.71063719503582,60.1595782307651
"771","male",0.65554930921644,28.6691026916555
"772","male",8.04338447470218,84.9104109545571
"773","male",3.57290139142424,68.3272204507206
"774","male",1.20865898765624,39.257749429439
"775","male",0.862849166616797,23.5010713938937
"776","male",10.565286825411,77.759428574797
"777","male",9.05096882488579,92.2570519264555
"778","male",9.79927065130323,90.7304793027468
"779","male",11.7856844840571,80.6014164283567
"780","male",1.24319573957473,29.9225273859411
"781","male",1.18850195221603,37.2796333521166
"782","male",9.58597933407873,103.72971398461
"783","male",9.41490319836885,122.257262993679
"784","male",0.113158861175179,16.5211277450421
"785","male",9.3487905934453,117.128797922834
"786","male",8.75268782302737,93.8881908959168
"787","male",7.56158223375678,91.6523893636049
"788","male",5.77092995960265,87.984200794608
"789","male",1.87964221648872,44.3166603449107
"790","male",0.0985862379893661,16.1307620198027
"791","male",5.42950073070824,94.1257082261403
"792","male",5.90751994494349,75.4947399243106
"793","male",4.67504533845931,74.3048566625099
"794","male",5.57599130272865,69.8680281774506
"795","male",8.55934800859541,97.378217486662
"796","male",0.663623115979135,31.0470995841751
"797","male",4.25739717017859,82.7937125171797
"798","male",9.6337472749874,78.4985104330068
"799","male",10.0285060442984,96.2187770697505
"800","male",2.85299285966903,54.4871306415847
"801","male",4.24783323146403,75.089104713003
"802","male",10.2826250419021,116.065508588835
"803","male",10.2451604856178,88.0855102239834
"804","male",3.55074546486139,77.4055357455872
"805","male",1.76457989495248,43.6021641758568
"806","male",8.4479047358036,85.7948256789678
"807","male",1.24568025860935,43.043387959851
"808","male",0.404733275994658,21.2427129553276
"809","male",11.9928543353453,74.9011612253816
"810","male",0.418497649021447,28.7651255353438
"811","male",4.06069540511817,77.7900856045036
"812","male",10.9807651396841,87.7538106138582
"813","male",7.40682323556393,66.597246077237
"814","male",3.43542418442667,91.0074307333772
"815","male",8.8535688361153,154.073301215463
"816","male",10.0086517101154,97.6424801450878
"817","male",3.77124936506152,81.0895915727217
"818","male",5.91079857386649,101.365067021139
"819","male",8.36848519463092,82.8378642589166
"820","male",7.69754824787378,85.8226356827984
"821","male",7.72707497980446,69.9559121625711
"822","male",11.7342408578843,86.3468802600086
"823","male",4.97682401351631,87.5292207241878
"824","male",1.43285735975951,41.6686291125064
"825","male",6.31235592160374,83.3750831769079
"826","male",2.70088020991534,60.0216854865068
"827","male",5.83694116864353,63.7027102495537
"828","male",4.44257758185267,86.6178126066152
"829","male",11.8002021694556,77.7451938282214
"830","male",4.65982938185334,75.4754862206923
"831","male",2.75093808397651,57.701247719693
"832","male",7.47957055550069,86.9840310508428
"833","male",1.6384823648259,58.2220804992071
"834","male",11.6096339318901,88.2722367493466
"835","male",6.18086169473827,76.133203478324
"836","male",1.9568439507857,41.1109903217286
"837","male",7.46282754186541,79.6500302743565
"838","male",11.8314499827102,81.0479307638496
"839","male",8.02525820955634,96.9540588812192
"840","male",5.02699076291174,70.3845499629996
"841","male",3.88013991806656,75.6731147772983
"842","male",10.0230638394132,92.6393594273708
"843","male",1.72580452356488,38.8998454397023
"844","male",2.31379136256874,50.1049638090586
"845","male",10.7608641916886,109.00262006065
"846","male",3.69743465166539,81.0330049245142
"847","male",4.35960652213544,102.339343162075
"848","male",9.40735774487257,93.781152793841
"849","male",2.32054415903986,45.1707709582269
"850","male",0.213189742527902,16.9856781214796
"851","male",4.87929439544678,84.1767481217369
"852","male",5.79801203124225,111.452054607733
"853","male",5.06213940214366,81.5796678991546
"854","male",4.11370562016964,87.8597299846048
"855","male",10.3977997759357,106.681012807818
"856","male",5.46129661146551,69.1866457405229
"857","male",6.40517848357558,84.2557891546531
"858","male",11.566119982861,116.932125026481
"859","male",9.29509850498289,106.733216554613
"860","male",2.50651618279517,62.9744654134844
"861","male",3.7054419927299,76.1167229492456
"862","male",11.6561094028875,89.507660306582
"863","male",7.0188011219725,72.7131077208538
"864","male",9.12988350447267,113.299826240661
"865","male",4.47251273319125,62.0122753559975
"866","male",9.2303269347176,81.3287123851438
"867","male",6.4521261965856,95.1272988259072
"868","male",10.9679453959689,79.2962292948422
"869","male",2.2235573027283,50.846958673543
"870","male",3.38662100862712,57.0657275615103
"871","male",1.13954895827919,42.1486752986198
"872","male",2.52584494929761,63.058438681158
"873","male",11.7251879554242,102.627437309945
"874","male",3.55562610458583,74.3490576498302
"875","male",8.71179632283747,100.6875791982
"876","male",9.42825401108712,103.255403553402
"877","male",1.26501295343041,30.3099225756934
"878","male",2.8751355484128,61.5837455787485
"879","male",3.24653846863657,67.8835171012563
"880","male",1.21270192880183,44.2702222845873
"881","male",1.41496609523892,36.2017718445878
"882","male",11.8948386702687,89.5637266003996
"883","male",11.8326515676454,82.1752344101631
"884","male",1.64480965677649,54.9430825329778
"885","male",10.8637149799615,115.724208331369
"886","male",6.91562205087394,99.19990532718
"887","male",4.74538630899042,65.3266572967701
"888","male",5.39762980956584,87.7580896692056
"889","male",8.478022813797,109.465140325929
"890","male",0.990032949484885,36.5517271604826
"891","male",4.07175096217543,67.8260562579778
"892","male",8.16945061460137,77.8608302402964
"893","male",3.80339097697288,64.9250162021261
"894","male",9.97882317658514,105.276841358432
"895","male",2.58206499181688,55.9436063814556
"896","male",5.97538723424077,87.6451823677921
"897","male",3.31259607151151,81.7432104031553
"898","male",2.30427982471883,61.32348798667
"899","male",11.4074551686645,117.81470238983
"900","male",3.86070645321161,55.9859384401282
"901","male",5.74147660564631,80.2574664940709
"902","male",0.335910863243043,22.1486610056386
"903","male",6.56951361615211,94.8785907832952
"904","male",7.73088264651597,76.0349414800492
"905","male",7.15516253560781,100.310169839937
"906","male",3.86324850842357,75.5695688852259
"907","male",10.693371749483,99.2827031373214
"908","male",7.51508336886764,97.0517265848818
"909","male",3.63485898356885,69.079019214461
"910","male",4.65845596510917,89.3774668976919
"911","male",1.92570110969245,56.3172078057617
"912","male",10.3506227703765,92.9722828826432
"913","male",11.4372145654634,112.280019310927
"914","male",6.76373620145023,91.6168843534848
"915","male",3.95456896070391,80.5523395300198
"916","male",11.9594066245481,88.3511944384058
"917","male",2.81783610954881,78.9173688884693
"918","male",7.35206358321011,89.4618321910606
"919","male",1.29814235307276,46.7900294279496
"920","male",5.8443908393383,82.9038574093024
"921","male",1.19334988016635,37.7806401104031
"922","male",1.93398915231228,57.6064942287129
"923","male",3.3959144493565,53.8135682985387
"924","male",7.00646803155541,95.0356108601326
"925","male",8.78049190621823,98.3939276934208
"926","male",1.98625093325973,34.7761471666509
"927","male",10.3976131584495,100.50611631434
"928","male",8.50288964621723,66.7585187571607
"929","male",9.12479443475604,103.041753027816
"930","male",1.76500930264592,45.5748438822935
"931","male",4.29668356105685,68.0111715817717
"932","male",8.0799897769466,91.2617013465558
"933","male",6.28587121982127,105.522895650522
"934","male",4.19762151315808,67.975136833066
"935","male",2.88636841904372,68.5637746690957
"936","male",0.698301555588841,31.4217475279971
"937","male",2.83943690545857,52.4830002123361
"938","male",10.6809349581599,73.6102018713056
"939","male",9.74192899279296,70.0640814066378
"940","male",8.9701958661899,101.103034362651
"941","male",1.8589407093823,49.9010548452675
"942","male",1.49690506327897,58.7380105352506
"943","male",11.6967097017914,104.954030644512
"944","male",5.23355995304883,92.1569431852987
"945","male",5.56819952186197,101.130426300672
"946","male",1.98357697483152,48.2101429440095
"947","male",7.0192386880517,95.5294356866503
"948","male",3.24933623336256,76.0214875698087
"949","male",2.76116304472089,75.7025105561221
"950","male",8.29449397791177,102.888332571496
"951","male",3.39422879554331,72.5655351546561
"952","male",9.72477679420263,82.8371593908347
"953","male",1.12699928507209,42.5845939104272
"954","male",9.86436085402966,101.799912887086
"955","male",5.12913936842233,88.6229617600056
"956","male",9.07064711675048,99.3789613060498
"957","male",7.94862607866526,88.3514392725376
"958","male",5.33432876318693,80.7820675031784
"959","male",7.52575421333313,99.7078213319721
"960","male",0.00558418873697519,14.2784836529269
"961","male",2.60692216828465,52.9729893461998
"962","male",8.45846694801003,88.2601578839535
"963","male",2.58199785836041,49.0064061227476
"964","male",9.76720465533435,81.6755839407681
"965","male",3.69316649157554,69.2739418973469
"966","male",8.25291222799569,70.1541259876349
"967","male",11.192172948271,74.5705547715811
"968","male",1.38935597799718,50.4367940578992
"969","male",1.53246825467795,41.4249720701969
"970","male",8.13868628907949,69.4065785122137
"971","male",5.1473831506446,79.3749591183023
"972","male",10.0128117352724,115.293188786205
"973","male",11.6572568016127,106.316516676018
"974","male",0.845867732539773,35.0878110387464
"975","male",5.51742231845856,98.5900392453277
"976","male",8.41902142111212,82.0738239877669
"977","male",1.04328201524913,40.8640925689157
"978","male",11.9153281934559,88.4159993037512
"979","male",3.03718792833388,64.6783303173318
"980","male",0.594461227767169,38.512265415723
"981","male",8.23589936178178,105.96652540663
"982","male",9.44312823191285,105.281172445222
"983","male",4.24327291175723,63.622907607693
"984","male",4.3972973395139,67.7114102500833
"985","male",3.44520156830549,96.4674840508358
"986","male",0.95967494789511,29.7916484901033
"987","male",4.38545123487711,78.5286183649227
"988","male",2.13616577535868,61.7466641744851
"989","male",6.43264464754611,100.738513290259
"990","male",6.0473845442757,100.020148694275
"991","male",11.3404212417081,93.7497568159171
"992","male",4.09585540741682,65.4557234733184
"993","male",5.5765652898699,79.2032782594397
"994","male",0.990374179556966,31.1650163871301
"995","male",10.3212821530178,104.364585855388
"996","male",4.74792767968029,92.6714320721651
"997","male",8.83079220447689,127.557431111287
"998","male",2.06092087179422,56.0019576409021
"999","male",5.45713957585394,72.2627852547062
"1000","male",9.24245711322874,109.024790036711
"1001","male",0.751799980178475,35.4354793627881
"1002","male",9.78097794111818,91.0732062197052
"1003","male",3.61371029354632,55.5695075136412
"1004","male",4.37605233583599,85.1303511938572
"1005","male",3.74535350315273,84.2863660541241
"1006","male",0.448439578525722,23.4347455372519
"1007","male",6.22565908078104,92.8850493316389
"1008","male",8.14816098846495,87.8181327199907
"1009","male",10.838802723214,105.840909441386
"1010","male",0.306320381350815,20.8799830876612
"1011","male",11.868939248845,91.6398163530454
"1012","male",3.63465149514377,71.4667648826074
"1013","male",11.2696608072147,92.0244736052234
